{"set0": {"x": [32.3311102266, 53.4214628807, 63.92020226, 70.2895057187, 34.1188302357, 67.6707164012, 53.2591294055, 63.5149808671, 67.9805388133, 67.3724659005, 15.5607495229, 71.7907676942, 70.2425464362, 64.9374355444, 62.2135245453, 67.2694004772, 40.5701970446, 74.7411813341, 71.7683189223, 76.1669198143, 65.6236574431, 50.8506336394, 33.0240700249, 39.7063261674, 45.5964849542, 42.9680469104, 52.4944067819, 46.0822757831, 74.2477082092, 64.5682641863, 74.0216939058, 62.3911805626, 74.189036683, 28.2367819396, 75.7719387944, 75.8552294691, 65.9708570175, 21.7780404779, 67.7597962473, 78.6171953363, 68.5077081898, 74.8850211598, 66.4549036599, 77.3178020985, 58.9124603193, 57.617447817, 76.0882257967, 57.4660505497, 79.4283834934, 76.3565221496, 64.4050752632, 40.6350418091, 43.9498645857, 30.9962205791, 68.2307689907, 72.0463894612, 46.5927679682, 49.2572183396, 42.7817612539, 65.475952195, 71.9650826544, 32.1464623358, 31.8384976954, 31.0052582572, 80.4708943189, 71.9641671122, 78.0794214417, 41.6775957748, 65.953595185, 62.9344593731, 64.3737979844, 72.5093283599, 30.0522898741, 28.0033242354, 75.4012268619, 38.9800154218, 65.2199135479, 73.0539899616, 34.3983616372, 43.4904501336, 55.138737967, 43.6843934333, 35.9036097344, 45.3780188805, 39.7774828713, 38.6644611569, 39.0440366877, 91.6399614428, 47.4881326771, 44.5902125769, 39.0896145478, 42.2293783752, 37.0003871448, 39.0520864793, 37.4884147432, 69.3595594592, 43.542775926, 39.8112302539, 70.0689259404, 70.0405435824, 39.505789079, 62.5168908529, 72.1399254065, 45.2515760666, 42.0633045627, 36.3556951539, 30.3918276596, 36.4490038543, 40.467576002, 81.7246168002, 48.8231974964, 35.6205617651, 50.5839631148, 61.8564651063, 39.3237560262, 42.1856791429, 30.8469189898, 29.3462004281, 82.1105579783, 38.3020058088, 56.5841530218, 33.3393742865, 78.7742390407, 27.9226442446, 71.6978651182, 74.1383313856, 32.579020066, 59.83218542, 35.0306285457, 74.3001198284, 63.2501970628, 34.1730737648, 40.9138319319, 62.8332930874, 42.4767923803, 52.0334562787, 48.9070429644, 59.8518383854, 48.9604602016, 46.8448551673, 39.9630215796, 66.704943997], "y": [61.411101248, 26.1868803879, 30.8321939163, 82.5336485877, 45.7345513203, 37.110947969, 97.4757710964, 25.1000785788, 80.9571652197, 29.720400203, 80.0656402858, 71.0654666627, 24.1095975542, 81.5542049945, 21.4758389969, 18.7089683725, 79.3729634752, 21.1016372041, 20.0110618423, 75.9361704048, 15.5828033531, 13.9876016304, 24.4678303872, 84.2752871038, 9.76334884943, 17.9454583961, 16.0511142003, 23.1104578154, 20.314187812, 83.6396338956, 76.1282745076, 5.62307076073, 68.1335832223, 56.1395964513, 69.8292300322, 62.5170442862, 72.7448559954, 6.61662530728, 72.4212015285, 52.5752573142, 15.4569189652, 25.4166063231, 19.8366286542, 48.3983464352, 75.6677562173, 8.19480060319, 59.6799300235, 1.50441817488, 45.2107942872, 10.4182411281, 78.5841760758, 73.3947503698, 75.9587156671, 71.694404938, 80.8725016628, 12.9180067349, 84.9723827774, 81.8814032306, 12.9911884302, 14.2745856444, 17.7102359443, 43.4817094425, 71.8121653901, 40.682503007, 49.5021483467, 41.8742826668, 93.1333167652, 30.2012640846, 31.1474060835, 31.9163906992, 28.8625834061, 39.5401302526, 96.6175423534, 46.6721919544, 88.6390766207, 87.322160691, 84.6829549336, 29.3808085571, 59.5444469033, 40.782542065, 30.7257603575, 32.8230098696, 91.1118630801, 29.1692166544, 43.75581895, 33.3172384774, 84.6760108316, 79.4066030605, 85.3899333808, 22.0340116412, 70.4661940802, 19.9140684075, 60.264279248, 70.6525028457, 60.8144048511, 65.5213545959, 62.4603112824, 65.3348328092, 7.59346560899, 77.1438066024, 74.8516272173, 66.4847322418, 0.0151193251552, 70.0034213192, 2.33519661206, 6.0058486497, 42.75961287, 50.5462690659, 60.0275120878, 6.03754484635, 76.6353305783, 57.2860155789, 71.8066161014, 71.7927431642, 59.3008196656, 66.0348978235, 37.3416401041, 42.1487418312, 1.21055166293, 60.0177857932, 70.512514809, 0.5091067352, 35.4841012146, 25.9868781844, 10.8681445111, 49.1739189791, 1.80811559665, 69.1525081443, 12.5366493416, 42.4770945921, 65.9524861966, 25.6936743092, 38.5590195509, 62.5108942269, 56.7312899691, 64.5666620298, 74.2877488252, 72.9583909677, 72.6295257275, 36.7917136918, 42.9449148487, 32.0150954299]}, "set1": {"x": [51.1479167122, 50.5171258092, 50.2074801993, 50.0694819181, 50.5628463386, 50.288527801, 25.5834750822, 25.4835833896, 25.4435257049, 25.5651134237, 25.9288442731, 27.5514782612, 27.5304663693, 27.0955703605, 27.4392496133, 27.8782642594, 27.3388689181, 27.6784029741, 52.6356576791, 52.0252141055, 52.8811647904, 52.9526073133, 52.5205524936, 52.3428220582, 51.9275902141, 52.7137744894, 50.4438027888, 50.2166950326, 52.1841801076, 52.7920973459, 52.5897198565, 52.0288486671, 52.729246581, 52.8843132864, 52.5093008862, 50.8626843321, 50.8914922458, 25.8551275976, 26.0256445518, 27.8931727187, 27.6399679354, 27.892658895, 52.7977329399, 27.5806388053, 26.4913985349, 25.9853178159, 26.2014192753, 25.8575694746, 50.7046843629, 50.8119753465, 50.5648455577, 50.9393039127, 50.4588548392, 52.9013640729, 52.6849534438, 52.500088943, 51.8356372562, 76.9954121013, 77.310600475, 77.9260443352, 77.2543883433, 76.2431578028, 77.0844843669, 75.2280531954, 50.6583547714, 50.2033658114, 50.9295476993, 50.1786718465, 50.422698058, 50.4642248341, 50.4492703306, 49.9283802752, 50.4880136436, 49.9649053793, 50.7521082559, 27.4224292143, 27.6740833991, 27.5373953151, 52.2633473764, 51.7372816586, 75.8709636929, 75.2443262052, 75.1982952889, 75.7010415321, 75.4793396586, 75.1945668739, 74.8202539551, 75.1643404933, 75.2633555474, 77.7564189331, 77.9544350549, 77.0833377719, 76.0635502513, 77.6820163247, 76.8780819814, 76.9485027211, 77.8640547124, 75.7714500936, 52.3315691301, 52.5928183721, 50.4770477213, 75.2964750909, 75.573954129, 75.4005271583, 75.8709908356, 75.6058847579, 75.8955770466, 75.7465632023, 75.1423414811, 50.6617795563, 50.6998506392, 50.9189408654, 50.7252585405, 51.2638712274, 51.2509196468, 50.7851572052, 50.5013965822, 50.7336745372, 50.7113785398, 50.8127448984, 51.014232955, 50.3535214052, 50.4355295722, 50.6309819633, 51.0668072036, 50.7923547263, 50.5512780561, 50.5597580562, 75.3259785471, 75.04472578, 75.2870877232, 75.2399699777, 75.1524592023, 75.9618400861, 75.4480625064, 75.7593838168, 50.378262298, 50.5336350094, 77.5009073165, 50.6911241884, 49.9903949511, 50.1271820272],